Date,Open,High,Low,Close,Volume,TradingValue,UpLimit,UnderLimit
2021-02-02,605,690,598,678,866000,568046300,0,0
2021-02-03,681,719,665,673,471900,325123300,0,0
2021-02-04,665,693,651,668,252200,169780800,0,0
2021-02-05,666,704,666,698,284400,197461500,0,0
2021-02-08,702,725,677,683,340100,236873200,0,0
2021-02-09,686,689,665,669,205400,138239700,0,0
2021-02-10,665,678,658,671,188600,125993900,0,0
2021-02-12,665,669,655,658,143700,94815600,0,0
2021-02-15,658,660,643,653,100600,65436200,0,0
2021-02-16,653,656,637,643,154300,99094200,0,0
2021-02-17,647,670,645,668,139800,92520000,0,0
2021-02-18,667,667,643,648,148000,96374300,0,0
2021-02-19,638,641,631,637,100500,64004000,0,0
2021-02-22,645,648,637,641,66500,42673200,0,0
2021-02-24,644,644,627,627,147000,92982200,0,0
2021-02-25,637,638,628,638,115900,73591700,0,0
2021-02-26,633,634,614,614,173300,107757900,0,0
2021-03-01,624,637,620,633,151800,95613600,0,0
2021-03-02,637,637,616,624,138700,86531100,0,0
2021-03-03,630,636,619,631,203200,128077800,0,0
2021-03-04,634,646,633,644,203000,129964100,0,0
2021-03-05,647,679,637,676,410700,272222500,0,0
2021-03-08,676,695,660,676,394400,268065000,0,0
2021-03-09,683,695,671,690,226300,154302700,0,0
2021-03-10,680,680,651,667,317600,211251100,0,0
2021-03-11,668,672,657,666,312500,207085700,0,0
2021-03-12,658,668,644,663,306200,201384600,0,0
2021-03-15,671,681,660,680,276900,185788800,0,0
2021-03-16,690,720,677,701,294300,206703800,0,0
2021-03-17,703,714,693,697,185600,130063200,0,0
2021-03-18,708,713,695,705,237700,167014800,0,0
2021-03-19,705,705,684,702,651800,454409400,0,0
2021-03-22,722,740,712,732,405300,293932500,0,0
2021-03-23,735,744,718,718,322800,235647400,0,0
2021-03-24,703,704,676,684,299400,206118300,0,0
2021-03-25,690,717,689,708,221400,156081000,0,0
2021-03-26,718,718,698,705,171400,120801500,0,0
2021-03-29,738,754,723,733,425700,313110000,0,0
2021-03-30,733,734,711,726,331000,239467300,0,0
2021-03-31,726,730,712,713,237000,170340900,0,0
2021-04-01,712,734,712,719,285100,205125400,0,0
2021-04-02,725,740,722,737,272300,200048200,0,0
2021-04-05,767,775,747,758,485500,369121100,0,0
2021-04-06,765,765,732,746,328400,245733000,0,0
2021-04-07,745,762,735,760,297100,223331000,0,0
2021-04-08,750,750,727,736,341900,251575200,0,0
2021-04-09,722,737,711,724,325500,237074500,0,0
2021-04-12,725,737,721,736,234000,170740800,0,0
2021-04-13,725,740,723,737,241600,177175900,0,0
2021-04-14,722,736,715,735,175000,127174300,0,0
2021-04-15,734,742,731,741,127500,94049800,0,0
2021-04-16,743,746,729,741,143500,105833800,0,0
2021-04-19,733,748,731,746,153300,113556400,0,0
2021-04-20,736,740,723,727,236700,172863500,0,0
2021-04-21,708,708,692,699,230700,161530500,0,0
2021-04-22,707,708,699,707,197700,139129600,0,0
2021-04-23,701,704,696,699,125300,87661300,0,0
2021-04-26,699,705,697,700,158100,110744500,0,0
2021-04-27,704,704,693,693,170900,119203400,0,0
2021-04-28,695,710,694,706,234300,164526400,0,0
2021-04-30,706,735,705,708,289300,207768600,0,0
2021-05-06,700,719,700,715,357400,254169000,0,0
2021-05-07,724,732,719,725,190500,138488000,0,0
2021-05-10,740,749,732,745,214200,159244300,0,0
2021-05-11,751,765,706,716,561700,411230600,0,0
2021-05-12,705,710,663,680,438300,300644300,0,0
2021-05-13,673,707,670,698,310700,215530900,0,0
2021-05-14,705,708,675,676,307000,210620100,0,0
2021-05-17,686,692,660,665,372100,248524000,0,0
2021-05-18,674,701,673,700,290500,200486900,0,0
2021-05-19,685,691,681,685,151400,103799300,0,0
2021-05-20,689,699,685,697,153800,106652300,0,0
2021-05-21,687,693,680,683,173600,118941300,0,0
2021-05-24,689,702,685,694,135200,94055300,0,0
2021-05-25,696,696,687,689,80600,55650800,0,0
2021-05-26,685,685,677,680,92000,62665900,0,0
2021-05-27,681,682,662,662,169600,113241500,0,0
2021-05-28,678,681,673,678,104700,70899200,0,0
2021-05-31,681,682,667,670,189300,127243700,0,0
2021-06-01,670,688,669,688,194500,132220100,0,0
2021-06-02,690,703,688,697,148200,103189800,0,0
2021-06-03,709,717,705,715,141700,100879600,0,0
2021-06-04,720,733,713,726,205600,148685200,0,0
2021-06-07,742,744,726,736,194000,142830100,0,0
2021-06-08,729,739,725,736,97600,71659100,0,0
2021-06-09,733,746,728,731,115900,85513700,0,0
2021-06-10,733,742,727,740,153900,113239800,0,0
2021-06-11,728,732,719,726,132100,96009000,0,0
2021-06-14,728,733,713,714,110000,78995300,0,0
2021-06-15,714,725,711,723,126500,90934300,0,0
2021-06-16,722,735,722,727,99200,72245200,0,0
2021-06-17,728,736,725,733,138700,101504700,0,0
2021-06-18,737,737,711,711,180800,130346100,0,0
2021-06-21,695,697,687,690,151000,104245000,0,0
2021-06-22,745,745,714,724,273100,199382600,0,0
2021-06-23,717,724,713,715,89400,64203700,0,0
2021-06-24,716,727,712,723,90100,64986400,0,0
2021-06-25,729,744,729,732,197300,145089800,0,0
2021-06-28,735,747,735,746,99600,74109200,0,0
2021-06-29,735,740,729,734,138300,101276200,0,0
2021-06-30,733,737,722,722,161800,117791500,0,0
2021-07-01,730,737,723,730,166500,121577400,0,0
2021-07-02,737,750,732,737,180700,133667700,0,0
2021-07-05,733,733,723,726,88500,64530700,0,0
2021-07-06,728,740,728,734,66200,48581500,0,0
2021-07-07,725,732,718,728,124100,90157300,0,0
2021-07-08,720,731,714,722,151100,109378000,0,0
2021-07-09,710,714,700,711,181700,128426100,0,0
2021-07-12,719,730,715,724,121400,87800000,0,0
2021-07-13,726,729,720,723,114600,82965300,0,0
2021-07-14,723,734,719,731,97800,71300900,0,0
2021-07-15,731,741,725,741,134800,99265200,0,0
2021-07-16,731,742,728,739,128400,94456900,0,0
2021-07-19,732,738,728,734,133300,97768000,0,0
2021-07-20,722,724,714,715,148500,106776300,0,0
2021-07-21,728,738,727,732,95600,70052700,0,0
2021-07-26,755,800,753,800,664200,517892500,0,0
2021-07-27,799,810,784,805,531200,425573800,0,0
2021-07-28,799,827,798,815,258700,211297200,0,0
2021-07-29,810,819,795,801,172600,138869400,0,0
2021-07-30,801,815,799,804,265700,214381900,0,0
2021-08-02,814,828,768,770,651600,515259500,0,0
2021-08-03,766,769,737,768,311700,236280300,0,0
2021-08-04,774,784,745,748,200900,152156300,0,0
2021-08-05,740,754,736,741,138400,102641200,0,0
2021-08-06,748,751,736,747,137800,102616500,0,0
2021-08-10,749,762,741,741,113400,84752300,0,0
2021-08-11,744,749,732,734,127400,94009400,0,0
2021-08-12,738,746,733,734,61300,45165100,0,0
2021-08-13,734,737,719,726,115700,83692100,0,0
2021-08-16,722,722,703,713,157400,111791700,0,0
2021-08-17,715,718,703,709,106500,75623700,0,0
2021-08-18,709,731,709,724,221900,160373700,0,0
2021-08-19,723,732,712,714,133600,96602200,0,0
2021-08-20,709,711,671,672,297600,203169600,0,0
2021-08-23,677,700,675,694,169600,117445100,0,0
2021-08-24,694,705,692,693,85500,59661400,0,0
2021-08-25,697,708,693,695,79000,55208100,0,0
2021-08-26,694,697,682,687,81400,55833300,0,0
2021-08-27,685,689,682,688,49200,33759800,0,0
2021-08-30,695,702,694,699,64900,45335400,0,0
2021-08-31,698,705,691,700,101800,71230500,0,0
2021-09-01,705,718,705,716,113800,81268600,0,0
2021-09-02,720,723,713,715,72200,51696700,0,0
2021-09-03,713,726,713,722,102100,73566500,0,0
2021-09-06,726,729,722,728,73000,53006700,0,0
2021-09-07,730,735,722,727,92700,67450800,0,0
2021-09-08,731,734,727,734,78800,57632400,0,0
2021-09-09,729,729,719,721,62400,45124800,0,0
2021-09-10,729,746,728,746,210100,155328200,0,0
2021-09-13,743,745,729,745,95100,70197200,0,0
2021-09-14,745,765,744,765,125400,94821900,0,0
2021-09-15,760,763,748,749,160400,120890700,0,0
2021-09-16,749,757,748,757,88600,66751800,0,0
2021-09-17,758,767,750,763,155600,118262200,0,0
2021-09-21,756,757,748,748,106900,80356400,0,0
2021-09-22,749,761,742,754,123100,92781000,0,0
2021-09-24,769,773,765,770,151700,116735800,0,0
2021-09-27,774,806,774,799,223100,177142300,0,0
2021-09-28,799,801,783,793,151700,119989200,0,0
2021-09-29,774,790,774,788,140100,109782100,0,0
2021-09-30,785,788,764,767,118800,91817300,0,0
2021-10-01,760,760,732,733,121000,89726600,0,0
2021-10-04,735,743,719,729,98700,71993500,0,0
2021-10-05,725,726,713,721,115600,83323200,0,0
2021-10-06,729,742,718,724,105600,77036000,0,0
2021-10-07,729,729,713,719,70800,50933600,0,0
2021-10-08,734,744,732,734,94100,69396900,0,0
2021-10-11,739,750,737,750,63400,47285700,0,0
2021-10-12,743,745,733,739,48100,35640800,0,0
2021-10-13,737,742,730,731,60500,44395000,0,0
2021-10-14,727,737,722,737,64600,47192300,0,0
2021-10-15,740,751,737,751,88100,65780600,0,0
2021-10-18,752,765,752,763,70400,53433400,0,0
2021-10-19,763,774,762,769,72400,55571400,0,0
2021-10-20,776,778,760,760,114900,88588200,0,0
2021-10-21,756,771,753,753,72100,54791600,0,0
2021-10-22,750,753,742,747,52500,39217200,0,0
2021-10-25,739,747,737,742,79700,59084800,0,0
2021-10-26,750,759,744,751,42700,32132800,0,0
2021-10-27,752,752,736,739,36500,27040500,0,0
2021-10-28,740,750,734,749,96000,71483300,0,0
2021-10-29,750,750,732,740,131400,96860100,0,0
2021-11-01,752,763,660,689,436700,303726600,0,0
2021-11-02,688,689,668,671,240700,163418100,0,0
2021-11-04,677,677,658,669,273500,182391900,0,0
2021-11-05,664,664,632,634,222800,143133100,0,0
2021-11-08,646,648,631,634,137200,87568600,0,0
2021-11-09,637,637,611,611,227700,141322800,0,0
2021-11-10,611,623,611,615,83400,51409000,0,0
2021-11-11,614,621,612,612,71500,43971900,0,0
2021-11-12,612,627,612,626,78200,48744200,0,0
2021-11-15,629,631,622,622,82300,51469100,0,0
2021-11-16,627,629,621,622,75000,46863300,0,0
2021-11-17,624,624,609,613,85000,52213300,0,0
2021-11-18,615,621,608,620,102600,63145100,0,0
2021-11-19,622,625,615,623,73000,45313700,0,0
2021-11-22,619,622,613,620,41500,25660200,0,0
2021-11-24,620,625,611,615,94300,58136500,0,0
2021-11-25,617,617,606,609,70300,42914400,0,0
2021-11-26,609,609,596,603,120200,72216400,0,0
2021-11-29,593,594,574,575,155400,90175500,0,0
2021-11-30,580,592,571,574,139400,80874000,0,0
2021-12-01,570,586,570,583,134900,78237300,0,0
2021-12-02,583,610,581,598,244300,146712200,0,0
2021-12-03,608,616,599,616,142800,87047300,0,0
2021-12-06,614,616,601,609,159900,97378800,0,0
2021-12-07,611,612,600,612,167400,101660300,0,0
2021-12-08,615,620,612,614,91500,56265800,0,0
2021-12-09,615,615,602,602,104400,63302300,0,0
2021-12-10,602,613,602,610,99600,60556100,0,0
2021-12-13,614,615,603,603,56300,34086800,0,0
2021-12-14,601,606,599,601,93900,56444200,0,0
2021-12-15,601,609,601,604,74900,45394100,0,0
2021-12-16,613,615,606,614,118800,72637900,0,0
2021-12-17,611,618,606,611,148400,90748600,0,0
2021-12-20,611,611,585,585,218000,130243100,0,0
2021-12-21,590,591,584,585,105400,61860900,0,0
2021-12-22,581,585,573,579,123700,71413300,0,0
2021-12-23,579,584,576,580,75700,43992900,0,0
2021-12-24,585,590,583,586,96500,56583300,0,0
2021-12-27,586,590,580,590,93400,54790700,0,0
2021-12-28,592,597,586,592,90700,53641300,0,0
2021-12-29,591,599,591,598,67400,40201800,0,0
2021-12-30,596,597,590,594,65300,38785100,0,0
2022-01-04,603,615,601,613,105500,64349500,0,0
2022-01-05,622,636,620,634,171700,107899000,0,0
2022-01-06,630,638,619,623,91600,57358200,0,0
2022-01-07,625,630,617,620,89200,55455100,0,0
2022-01-11,617,619,606,616,86600,53040400,0,0
2022-01-12,629,639,629,634,84600,53603100,0,0
2022-01-13,635,635,627,630,48000,30291600,0,0
2022-01-14,632,632,615,620,80800,50152500,0,0
2022-01-17,622,625,616,623,74400,46195400,0,0
2022-01-18,623,626,604,604,85800,52538200,0,0
2022-01-19,596,601,590,590,108400,64375900,0,0
2022-01-20,595,600,587,596,117000,69664400,0,0
2022-01-21,591,593,582,591,106300,62446300,0,0
2022-01-24,585,594,585,593,54800,32352800,0,0
2022-01-25,593,593,572,581,124000,71726100,0,0
2022-01-26,581,585,572,572,83100,47921400,0,0
2022-01-27,575,577,557,560,157600,88926100,0,0
2022-01-28,564,570,563,570,97500,55274700,0,0
2022-01-31,569,585,558,585,216600,123992200,0,0
2022-02-01,585,603,584,600,254500,151879400,0,0
2022-02-02,608,628,608,618,208400,128950900,0,0
2022-02-03,612,615,600,612,151400,92186100,0,0
2022-02-04,607,613,601,601,106600,64469500,0,0
2022-02-07,599,606,597,600,117100,70463100,0,0
2022-02-08,600,604,599,601,82600,49654700,0,0
2022-02-09,601,604,600,600,62300,37460100,0,0
2022-02-10,605,610,602,603,100900,61000100,0,0
2022-02-14,600,602,594,594,93800,56045500,0,0
2022-02-15,600,606,598,599,135400,81368700,0,0
2022-02-16,613,613,603,604,106500,64682500,0,0
2022-02-17,610,618,605,615,116800,71419900,0,0
2022-02-18,605,610,600,602,129900,78439900,0,0
2022-02-21,600,602,596,599,36200,21679400,0,0
2022-02-22,595,596,588,594,54100,32038800,0,0
2022-02-24,599,605,592,604,149700,89657400,0,0
2022-02-25,610,619,603,617,165000,101284500,0,0
2022-02-28,627,634,625,628,172400,108517100,0,0
2022-03-01,630,634,605,605,121900,74553700,0,0
2022-03-02,597,606,595,597,141400,84725800,0,0
2022-03-03,611,614,603,604,147200,89304300,0,0
2022-03-04,601,602,586,587,148900,88075500,0,0
2022-03-07,575,579,558,566,150700,85240900,0,0
2022-03-08,556,564,540,544,179200,98798100,0,0
2022-03-09,554,567,546,551,136200,75765800,0,0
2022-03-10,574,585,567,578,105300,60955700,0,0
2022-03-11,571,575,561,563,105700,59857000,0,0
2022-03-14,567,574,559,568,164500,93321700,0,0
2022-03-15,577,598,572,595,135900,80244600,0,0
2022-03-16,595,598,585,593,109800,65083500,0,0
2022-03-17,603,606,593,603,114800,68987900,0,0
2022-03-18,609,614,590,603,317200,190953800,0,0
2022-03-22,610,625,610,625,183200,113477200,0,0
2022-03-23,634,634,624,629,111800,70450100,0,0
2022-03-24,624,624,610,624,110900,68666500,0,0
2022-03-25,623,627,618,618,62700,38953000,0,0
2022-03-28,621,627,620,622,131400,81899100,0,0
2022-03-29,622,630,619,629,119000,74585700,0,0
2022-03-30,624,624,603,609,89600,54729100,0,0
2022-03-31,605,612,601,601,96000,58015600,0,0
2022-04-01,597,600,591,600,64700,38638900,0,0
2022-04-04,598,600,591,591,68800,40888400,0,0
2022-04-05,601,602,586,586,105300,62070300,0,0
2022-04-06,585,586,577,577,79300,46001900,0,0
2022-04-07,568,568,555,561,117800,66046500,0,0
2022-04-08,562,565,549,552,182500,101181900,0,0
2022-04-11,554,559,550,554,96300,53377400,0,0
2022-04-12,554,555,549,551,75900,41880200,0,0
2022-04-13,553,555,549,554,103300,57078700,0,0
2022-04-14,559,563,557,562,59900,33567500,0,0
2022-04-15,555,563,552,559,57800,32311400,0,0
2022-04-18,555,560,549,557,104700,58078900,0,0
2022-04-19,560,570,558,568,91000,51423500,0,0
2022-04-20,575,578,569,574,129900,74537000,0,0
2022-04-21,566,577,565,577,134400,76924100,0,0
2022-04-22,568,572,561,562,82800,46723500,0,0
2022-04-25,557,557,550,550,71500,39484100,0,0
2022-04-26,551,552,547,547,54400,29846300,0,0
2022-04-27,541,549,537,542,231900,125979800,0,0
2022-04-28,537,556,537,556,119300,65507900,0,0
2022-05-02,556,569,556,567,77200,43499200,0,0
2022-05-06,566,575,560,574,86800,49501700,0,0
2022-05-09,565,570,560,560,95900,54079500,0,0
2022-05-10,554,572,548,568,193100,108291800,0,0
2022-05-11,577,577,546,549,143500,79349800,0,0
2022-05-12,547,554,541,541,159900,87433600,0,0
2022-05-13,537,553,534,553,110800,60505700,0,0
2022-05-16,558,558,548,551,181100,100082100,0,0
2022-05-17,543,547,539,544,103800,56417100,0,0
2022-05-18,551,552,546,550,106000,58259500,0,0
2022-05-19,536,551,533,550,144100,78364500,0,0
2022-05-20,553,557,551,555,160800,89072800,0,0
2022-05-23,558,560,551,556,94900,52723900,0,0
2022-05-24,556,560,552,552,119300,66270800,0,0
2022-05-25,551,553,543,543,107500,58762600,0,0
2022-05-26,543,547,540,541,88200,47869600,0,0
2022-05-27,550,556,546,548,119000,65482100,0,0
2022-05-30,555,567,552,563,273000,153171300,0,0
2022-05-31,558,569,557,563,183800,103617400,0,0
2022-06-01,563,578,563,574,247800,141924700,0,0
2022-06-02,559,574,559,572,205100,116416500,0,0
2022-06-03,575,575,563,564,210400,119255500,0,0
2022-06-06,562,571,561,567,123300,69833700,0,0
2022-06-07,574,586,573,582,130800,76248500,0,0
2022-06-08,590,600,588,591,207400,122800600,0,0
2022-06-09,593,594,586,586,117000,68988400,0,0
2022-06-10,582,588,581,587,165100,96491900,0,0
2022-06-13,580,584,574,579,157900,91258100,0,0
2022-06-14,574,578,570,573,124600,71411800,0,0
2022-06-15,577,583,571,573,167700,96455600,0,0
2022-06-16,576,591,576,587,142700,83593800,0,0
2022-06-17,577,585,569,581,262700,151949900,0,0
2022-06-20,588,589,575,577,159200,92367000,0,0
2022-06-21,585,593,583,591,84700,49891000,0,0
2022-06-22,595,601,592,592,115000,68538800,0,0
2022-06-23,592,600,590,594,135600,80660100,0,0
2022-06-24,598,598,586,588,108100,63773200,0,0
2022-06-27,598,598,587,592,100700,59557300,0,0
2022-06-28,594,601,592,597,101800,60837200,0,0
2022-06-29,590,591,585,588,157000,92268300,0,0
2022-06-30,586,592,582,589,147700,86915000,0,0
2022-07-01,598,600,578,583,192700,113393000,0,0
2022-07-04,593,595,589,594,99400,58874100,0,0
2022-07-05,594,596,586,587,88000,51928600,0,0
2022-07-06,580,580,571,577,87000,50104400,0,0
2022-07-07,579,583,573,580,91200,52790700,0,0
2022-07-08,582,590,580,584,139000,81314700,0,0
2022-07-11,591,597,591,595,153300,91109600,0,0
2022-07-12,592,592,580,580,117800,68538300,0,0
2022-07-13,585,590,582,587,69600,40710600,0,0
2022-07-14,585,592,582,589,103900,61148200,0,0
2022-07-15,591,593,585,589,124400,73361800,0,0
2022-07-19,594,607,594,607,104200,62566100,0,0
2022-07-20,620,620,611,617,198100,122140800,0,0
2022-07-21,615,615,608,610,75900,46359600,0,0
2022-07-22,609,624,607,622,122000,75401100,0,0
2022-07-25,625,635,623,623,117600,73845700,0,0
2022-07-26,623,637,623,635,128700,81439400,0,0
2022-07-27,635,636,624,624,114200,71739500,0,0
2022-07-28,630,630,622,629,131800,82634400,0,0
2022-07-29,629,629,616,617,131600,81680500,0,0
2022-08-01,627,634,566,594,568200,337865500,0,0
2022-08-02,599,599,577,584,195700,114196800,0,0
2022-08-03,584,584,571,571,127200,73013300,0,0
2022-08-04,575,576,562,562,149400,84705300,0,0
2022-08-05,560,574,556,573,99400,56539400,0,0
2022-08-08,570,576,566,574,84700,48467400,0,0
2022-08-09,576,581,569,569,103500,59335500,0,0
2022-08-10,569,577,569,571,81000,46386500,0,0
2022-08-12,578,585,576,582,109700,63843300,0,0
2022-08-15,581,585,577,585,100000,58190000,0,0
2022-08-16,582,582,576,578,79000,45719300,0,0
2022-08-17,580,584,579,581,85300,49602400,0,0
2022-08-18,579,579,574,578,100300,57839700,0,0
2022-08-19,580,586,580,585,97200,56634700,0,0
2022-08-22,585,589,581,586,50800,29743600,0,0
2022-08-23,576,581,574,579,107900,62285800,0,0
2022-08-24,580,590,580,586,103500,60643400,0,0
2022-08-25,590,591,582,590,93700,55126300,0,0
2022-08-26,591,593,588,588,48000,28376700,0,0
2022-08-29,573,580,573,577,98900,57057400,0,0
2022-08-30,581,585,580,580,80400,46796800,0,0
2022-08-31,576,590,575,584,239900,139770600,0,0
2022-09-01,579,581,576,576,125600,72549500,0,0
2022-09-02,580,582,577,580,79400,45979700,0,0
2022-09-05,580,583,577,578,75200,43525200,0,0
2022-09-06,580,587,577,584,100800,58742000,0,0
2022-09-07,580,582,577,579,89900,52061700,0,0
2022-09-08,589,593,586,593,116400,68900200,0,0
2022-09-09,589,598,588,592,116700,69147400,0,0
2022-09-12,595,597,585,585,62700,36903800,0,0
2022-09-13,586,587,580,585,90800,52947900,0,0
2022-09-14,577,583,577,578,95800,55483800,0,0
2022-09-15,580,581,576,578,81900,47352000,0,0
2022-09-16,579,583,575,583,153400,88924300,0,0
2022-09-20,586,588,581,581,103600,60589100,0,0
2022-09-21,576,579,570,574,144200,82720500,0,0
2022-09-22,568,570,564,569,102100,57946800,0,0
2022-09-26,562,562,552,556,177500,98712100,0,0
2022-09-27,556,559,552,559,147000,81790000,0,0
2022-09-28,554,567,551,561,195200,108552800,0,0
2022-09-29,564,566,558,565,155900,87719100,0,0
2022-09-30,562,567,553,563,251400,141232100,0,0
2022-10-03,563,571,560,569,112600,63735200,0,0
2022-10-04,577,579,567,573,193200,110649900,0,0
2022-10-05,580,585,573,573,144500,83571400,0,0
2022-10-06,577,585,577,580,113600,65970000,0,0
2022-10-07,574,580,573,578,71000,40984700,0,0
2022-10-11,568,575,568,569,107800,61545600,0,0
2022-10-12,568,572,564,564,91400,51731600,0,0
2022-10-13,564,564,558,561,154600,86691300,0,0
2022-10-14,568,577,566,573,100000,57384400,0,0
2022-10-17,572,575,571,573,90800,52010600,0,0
2022-10-18,573,580,572,577,101600,58453700,0,0
2022-10-19,576,582,575,582,76200,44207400,0,0
2022-10-20,575,578,573,576,121400,69736500,0,0
2022-10-21,570,572,565,565,114400,64936600,0,0
2022-10-24,573,575,568,568,97400,55567300,0,0
2022-10-25,573,580,573,577,98700,56901300,0,0
2022-10-26,578,580,572,573,81900,47155800,0,0
2022-10-27,571,574,566,574,87000,49716600,0,0
2022-10-28,566,573,566,573,471200,269405000,0,0
2022-10-31,573,589,573,587,152500,88915200,0,0
2022-11-01,586,601,583,600,208600,124084200,0,0
2022-11-02,600,624,600,620,423700,261991500,0,0
2022-11-04,610,616,606,606,164800,100554600,0,0
2022-11-07,610,616,609,613,74000,45394300,0,0
2022-11-08,613,615,608,612,77200,47220400,0,0
2022-11-09,610,619,609,613,58700,35993900,0,0
2022-11-10,605,612,600,600,81200,49063200,0,0
2022-11-11,615,615,603,612,88400,53851700,0,0
2022-11-14,606,612,604,609,48800,29680600,0,0
2022-11-15,609,612,606,612,30200,18439300,0,0
2022-11-16,611,615,609,610,56000,34241200,0,0
2022-11-17,609,615,605,615,53400,32705600,0,0
2022-11-18,615,623,612,615,136500,84141400,0,0
2022-11-21,615,617,608,610,57300,35011500,0,0
2022-11-22,614,626,613,626,140600,87412900,0,0
2022-11-24,630,631,621,627,74700,46797500,0,0
2022-11-25,629,629,621,624,56200,35096300,0,0
2022-11-28,624,627,617,623,73900,46041500,0,0
2022-11-29,615,618,612,614,38200,23477700,0,0
2022-11-30,613,620,611,616,111300,68588100,0,0
2022-12-01,616,619,610,617,54100,33326600,0,0
2022-12-02,610,610,597,599,96100,57942500,0,0
2022-12-05,600,600,592,592,46600,27659000,0,0
2022-12-06,590,594,588,588,56600,33380300,0,0
2022-12-07,583,596,583,589,39500,23317600,0,0
2022-12-08,589,590,583,588,49600,29094000,0,0
2022-12-09,585,593,582,584,74700,43710200,0,0
2022-12-12,582,590,581,588,37600,22052100,0,0
2022-12-13,592,595,587,587,33500,19765200,0,0
2022-12-14,587,590,585,587,48600,28515200,0,0
2022-12-15,585,590,583,586,36000,21089500,0,0
2022-12-16,584,594,584,594,141000,83237900,0,0
2022-12-19,593,600,593,599,69900,41728800,0,0
2022-12-20,604,609,588,597,204500,122696000,0,0
2022-12-21,587,592,577,577,125000,72842800,0,0
2022-12-22,582,596,579,591,110100,64906000,0,0
2022-12-23,589,596,588,591,80800,47783200,0,0
2022-12-26,594,602,594,597,72700,43519100,0,0
2022-12-27,603,606,598,599,49900,30027100,0,0
2022-12-28,598,603,596,600,72000,43144300,0,0
2022-12-29,598,606,591,606,64700,38870700,0,0
2022-12-30,606,615,605,606,75400,45975300,0,0
2023-01-04,606,606,596,596,44900,26932000,0,0
2023-01-05,591,600,591,599,57500,34355400,0,0
2023-01-06,600,618,600,617,120300,73791100,0,0
2023-01-10,620,629,616,616,109700,68175900,0,0
2023-01-11,622,628,616,618,132300,82339200,0,0
2023-01-12,618,626,618,621,73000,45450400,0,0
2023-01-13,620,624,611,614,92100,56912800,0,0
2023-01-16,617,625,614,620,78600,48787900,0,0
2023-01-17,623,640,623,638,169300,107521300,0,0
2023-01-18,643,688,642,676,424100,284372200,0,0
2023-01-19,686,692,670,674,316900,215039900,0,0
2023-01-20,674,674,650,655,149400,98482600,0,0
2023-01-23,657,665,652,662,138600,91505400,0,0
2023-01-24,667,668,654,662,104400,68929600,0,0
2023-01-25,655,657,647,651,100900,65813700,0,0
2023-01-26,651,658,646,653,104700,68379000,0,0
2023-01-27,645,645,634,636,203300,129598200,0,0
2023-01-30,636,638,629,631,188500,119194800,0,0
2023-01-31,629,640,628,637,109400,69633300,0,0
2023-02-01,657,716,645,706,1396900,964240600,0,0
2023-02-02,711,711,678,679,456700,314911800,0,0
2023-02-03,674,697,671,692,189800,130618400,0,0
2023-02-06,691,707,687,694,146400,101905000,0,0
2023-02-07,694,697,682,685,112500,77311700,0,0
2023-02-08,680,696,680,685,107000,73346800,0,0
2023-02-09,677,685,675,683,93000,63283900,0,0
2023-02-10,681,697,681,695,128800,89239300,0,0
2023-02-13,695,702,687,697,85000,59257500,0,0
2023-02-14,702,712,702,708,95300,67433200,0,0
2023-02-15,705,713,705,713,59800,42436600,0,0
2023-02-16,710,719,710,716,134300,96103500,0,0
2023-02-17,708,716,707,713,133200,94831000,0,0
2023-02-20,711,719,710,710,147200,104993800,0,0
2023-02-21,710,719,701,719,127500,91007300,0,0
2023-02-22,708,710,700,700,127800,89876400,0,0
2023-02-24,700,704,695,700,127100,88852500,0,0
2023-02-27,695,712,695,710,117300,82614500,0,0
2023-02-28,709,715,703,705,132000,93523900,0,0
2023-03-01,697,702,692,699,165300,115077700,0,0
2023-03-02,703,712,699,702,116900,82281400,0,0
2023-03-03,706,707,695,707,138000,97032600,0,0
2023-03-06,707,709,699,705,123400,86969600,0,0
2023-03-07,701,714,701,708,112400,79630200,0,0
2023-03-08,700,706,699,706,108200,76035700,0,0
2023-03-09,712,714,704,706,109800,77744300,0,0
2023-03-10,700,704,697,701,193600,135581300,0,0
2023-03-13,687,688,667,674,147700,99680300,0,0
2023-03-14,660,660,640,644,140700,90951400,0,0
2023-03-15,653,655,645,649,186700,121152800,0,0
2023-03-16,636,636,623,631,165700,104239300,0,0
2023-03-17,639,642,628,631,624600,394499400,0,0
2023-03-20,636,651,633,645,258400,166237000,0,0
2023-03-22,664,664,652,652,115700,75925200,0,0
2023-03-23,645,646,635,645,119700,76909300,0,0
2023-03-24,648,658,645,657,165400,107981300,0,0
2023-03-27,661,667,655,661,164900,109239600,0,0
2023-03-28,668,668,660,663,70300,46678900,0,0
2023-03-29,669,683,668,683,131900,89626400,0,0
2023-03-30,678,684,675,682,111000,75534500,0,0
2023-03-31,686,690,680,689,166000,113942400,0,0
2023-04-03,695,697,683,693,151600,104952300,0,0
2023-04-04,693,693,681,690,152700,105135800,0,0
2023-04-05,681,687,671,672,168300,113899200,0,0
2023-04-06,662,665,647,647,130200,85012800,0,0
2023-04-07,647,657,647,655,55500,36304300,0,0
2023-04-10,660,666,659,659,66900,44254600,0,0
2023-04-11,671,671,661,670,114300,76289900,0,0
2023-04-12,675,686,671,682,170500,116162500,0,0
2023-04-13,683,683,667,668,105400,70703800,0,0
2023-04-14,671,675,665,675,104600,70281200,0,0
2023-04-17,680,686,678,685,134700,91936200,0,0
2023-04-18,688,692,684,686,106000,72739500,0,0
2023-04-19,683,683,672,679,138300,93685900,0,0
2023-04-20,673,682,673,678,102000,69024600,0,0
2023-04-21,675,681,670,679,79500,53826000,0,0
2023-04-24,679,688,674,685,81000,55276900,0,0
2023-04-25,690,705,690,700,152900,106949700,0,0
2023-04-26,694,694,683,683,106900,73347200,0,0
2023-04-27,680,701,676,700,220500,152937400,0,0
2023-04-28,709,722,706,722,193100,138089700,0,0
2023-05-01,730,743,730,736,175600,129455300,0,0
2023-05-02,739,743,730,734,74300,54641300,0,0
2023-05-08,730,737,729,733,76200,55974300,0,0
2023-05-09,735,745,731,742,105400,78012500,0,0
2023-05-10,750,809,745,779,662700,517518900,0,0
2023-05-11,790,806,790,799,376700,300695300,0,0
2023-05-12,802,815,783,787,320300,255523700,0,0
2023-05-15,787,788,765,772,243600,188070600,0,0
2023-05-16,771,774,758,761,188400,143696400,0,0
2023-05-17,756,769,751,765,134500,102617300,0,0
2023-05-18,776,776,763,768,136300,104627100,0,0
2023-05-19,758,773,758,768,140200,107493600,0,0
2023-05-22,769,789,764,787,152600,119247700,0,0
2023-05-23,788,788,764,770,153100,118571000,0,0
2023-05-24,762,771,757,767,107400,82134800,0,0
2023-05-25,769,781,765,778,107200,83081800,0,0
2023-05-26,780,780,759,759,122800,94112500,0,0
2023-05-29,773,773,759,762,142600,108893700,0,0
2023-05-30,758,766,747,765,155900,117884300,0,0
2023-05-31,760,765,750,756,195500,148051200,0,0
2023-06-01,754,758,745,749,135700,101874900,0,0
2023-06-02,749,767,749,767,183400,139646700,0,0
2023-06-05,787,798,781,797,242100,191459700,0,0
2023-06-06,787,800,787,799,169200,134650600,0,0
2023-06-07,800,807,788,789,272200,216506200,0,0
2023-06-08,795,801,784,791,172300,136451500,0,0
2023-06-09,806,845,800,845,598900,495408900,0,0
2023-06-12,846,860,831,843,329100,277694900,0,0
2023-06-13,850,858,848,855,196500,167757900,0,0
2023-06-14,865,870,854,867,157500,135999900,0,0
2023-06-15,870,873,855,862,143400,124089700,0,0
2023-06-16,863,869,850,868,207400,179062200,0,0
2023-06-19,878,880,865,870,110300,96238400,0,0
2023-06-20,862,863,849,858,201700,172399100,0,0
2023-06-21,856,870,855,858,185300,159748500,0,0
2023-06-22,860,863,851,854,168300,143979800,0,0
2023-06-23,860,860,835,841,151100,127754400,0,0
2023-06-26,839,850,822,834,111700,93473700,0,0
2023-06-27,835,838,829,832,89500,74539900,0,0
2023-06-28,835,856,835,856,121100,102869300,0,0
2023-06-29,861,861,851,855,77100,65977900,0,0
2023-06-30,850,857,848,853,93800,79900000,0,0
2023-07-03,853,856,850,855,114100,97307400,0,0
2023-07-04,854,854,839,839,107600,91108600,0,0
2023-07-05,836,839,823,835,81200,67724300,0,0
2023-07-06,831,850,829,845,157000,132324100,0,0
2023-07-07,838,845,825,834,122500,102570000,0,0
2023-07-10,835,841,829,831,127100,105955100,0,0
2023-07-11,839,842,819,819,114100,94427900,0,0
2023-07-12,819,820,803,808,97300,78579200,0,0
2023-07-13,802,807,796,803,74600,59845700,0,0
2023-07-14,801,803,782,791,128400,101594900,0,0
2023-07-18,791,801,791,798,105400,83769300,0,0
2023-07-19,810,820,806,820,116100,94435800,0,0
2023-07-20,821,826,813,814,112900,92394200,0,0
2023-07-21,813,821,810,815,80000,65154700,0,0
2023-07-24,821,832,820,827,77000,63673800,0,0
2023-07-25,839,839,825,828,93400,77558300,0,0
2023-07-26,830,830,811,812,112800,92280400,0,0
2023-07-27,813,813,799,805,96200,77362400,0,0
2023-07-28,798,800,785,793,200100,158449200,0,0
2023-07-31,816,819,808,818,172200,140328000,0,0
2023-08-01,821,938,816,932,2280200,2067865400,0,0
2023-08-02,930,968,907,936,1022100,958445800,0,0
2023-08-03,915,919,896,914,433500,394762500,0,0
2023-08-04,909,918,895,905,339000,306852900,0,0
2023-08-07,896,945,895,937,296400,275178700,0,0
2023-08-08,938,950,933,944,210000,197517200,0,0
2023-08-09,940,942,922,925,178900,165977100,0,0
2023-08-10,919,921,904,916,194600,177886900,0,0
2023-08-14,920,930,901,910,228100,208431100,0,0
2023-08-15,920,929,912,915,131200,120159300,0,0
2023-08-16,910,925,904,916,176400,161987200,0,0
2023-08-17,901,922,897,919,529300,482440200,0,0
2023-08-18,949,985,941,960,913400,882738500,0,0
2023-08-21,963,992,955,982,511500,500349800,0,0
2023-08-22,989,1030,985,1030,456000,461774600,0,0
2023-08-23,1032,1064,1031,1049,546600,574459100,0,0
2023-08-24,1042,1049,1031,1036,258600,268968400,0,0
2023-08-25,1035,1067,1027,1064,411200,433538200,0,0
2023-08-28,1055,1072,1052,1069,302600,321191800,0,0
2023-08-29,1088,1093,1065,1065,180200,193659400,0,0
2023-08-30,1079,1080,1055,1065,213900,227727900,0,0
2023-08-31,1065,1089,1057,1084,257700,277802200,0,0
2023-09-01,1087,1093,1077,1084,199100,216101200,0,0
2023-09-04,1076,1079,1063,1073,228600,244862300,0,0
2023-09-05,1071,1084,1066,1073,248000,266504900,0,0
2023-09-06,1082,1112,1076,1107,310100,341948000,0,0
2023-09-07,1116,1139,1110,1125,282100,318102000,0,0
2023-09-08,1119,1120,1083,1083,234900,257964500,0,0
2023-09-11,1113,1118,1091,1101,200100,220108800,0,0
2023-09-12,1103,1125,1103,1125,144100,160925500,0,0
2023-09-13,1132,1153,1116,1117,259600,292924800,0,0
2023-09-14,1117,1128,1110,1124,167800,188055000,0,0
2023-09-15,1142,1155,1126,1129,313200,356058500,0,0
2023-09-19,1129,1187,1126,1183,342300,401637200,0,0
2023-09-20,1187,1191,1156,1158,329200,385608600,0,0
2023-09-21,1153,1172,1141,1141,176000,202531100,0,0
2023-09-22,1126,1141,1110,1131,198000,223355800,0,0
2023-09-25,1159,1172,1138,1162,191900,222695100,0,0
2023-09-26,1163,1169,1144,1144,216200,248170100,0,0
2023-09-27,1130,1160,1121,1159,194700,223714600,0,0
2023-09-28,1140,1153,1110,1135,280800,316906800,0,0
2023-09-29,1141,1154,1115,1118,259700,293293600,0,0
2023-10-02,1110,1127,1106,1106,189000,210961400,0,0
2023-10-03,1103,1104,1061,1061,180400,194136500,0,0
2023-10-04,1034,1039,988,988,376900,379336500,0,0
2023-10-05,999,1030,995,1029,250300,254337600,0,0
2023-10-06,1032,1040,1018,1029,119800,123503300,0,0
2023-10-10,1049,1062,1035,1062,274400,288385000,0,0
2023-10-11,1065,1065,1046,1050,135300,142476800,0,0
2023-10-12,1051,1070,1047,1070,192500,203747200,0,0
2023-10-13,1045,1047,1025,1031,138500,143288600,0,0
2023-10-16,1005,1029,1000,1019,159900,162303700,0,0
2023-10-17,1035,1046,1010,1023,146800,150055000,0,0
2023-10-18,1029,1046,1027,1045,177100,183422800,0,0
2023-10-19,1026,1033,1015,1024,162100,166204800,0,0
2023-10-20,1020,1022,992,1017,170800,172958400,0,0
2023-10-23,1015,1021,999,1005,177300,179195800,0,0
2023-10-24,1005,1023,976,1014,225300,224900800,0,0
2023-10-25,1018,1037,998,1000,174000,176977700,0,0
2023-10-26,994,1007,983,991,267400,264904600,0,0
2023-10-27,994,1031,994,1031,281300,286983900,0,0
2023-10-30,1025,1025,973,983,1062300,1045862900,0,0
2023-10-31,1013,1031,932,935,808100,783398900,0,0
2023-11-01,950,1015,936,1009,573900,564110300,0,0
2023-11-02,1025,1029,963,965,341100,335881100,0,0
2023-11-06,980,999,972,996,231000,229055800,0,0
2023-11-07,995,1006,981,989,229300,227709000,0,0
2023-11-08,991,997,951,956,255300,245748600,0,0
2023-11-09,959,1000,959,993,174900,171819400,0,0
2023-11-10,982,1012,968,1009,186400,184998000,0,0
2023-11-13,1030,1058,1014,1024,319300,330501600,0,0
2023-11-14,1017,1053,1017,1046,264900,275169200,0,0
2023-11-15,1058,1068,1039,1048,228800,240801100,0,0
2023-11-16,1037,1046,1012,1027,180900,185998600,0,0
2023-11-17,1024,1036,1013,1036,179100,183269300,0,0
2023-11-20,1040,1049,1008,1009,210400,215332000,0,0
2023-11-21,1005,1009,987,1000,156700,156538800,0,0
2023-11-22,990,1015,984,993,124300,124353600,0,0
2023-11-24,1022,1022,1006,1017,131600,133402900,0,0
2023-11-27,1025,1037,1013,1031,131900,135278400,0,0
2023-11-28,1027,1060,1027,1057,307400,321531000,0,0
2023-11-29,1048,1050,1032,1042,173500,180691600,0,0
2023-11-30,1023,1038,1017,1034,198900,204859100,0,0
2023-12-01,1056,1065,1046,1056,174000,183667700,0,0
2023-12-04,1049,1049,1027,1043,156900,163329000,0,0
2023-12-05,1030,1055,1029,1029,172700,179549400,0,0
2023-12-06,1028,1063,1028,1063,166400,175131900,0,0
2023-12-07,1051,1052,1029,1030,124700,129218300,0,0
2023-12-08,1015,1018,979,981,277900,275602800,0,0
2023-12-11,1000,1014,986,1007,186900,187435100,0,0
2023-12-12,1020,1020,988,994,92500,92289300,0,0
2023-12-13,998,1030,998,1015,292500,297888900,0,0
2023-12-14,1005,1005,972,987,262100,258353500,0,0
2023-12-15,998,1006,996,1000,222000,222317000,0,0
2023-12-18,991,1004,983,1002,135600,134681600,0,0
2023-12-19,1002,1019,990,1013,130600,131464300,0,0
2023-12-20,1014,1036,1011,1031,181400,185858600,0,0
2023-12-21,1008,1024,1008,1012,108700,110280800,0,0
2023-12-22,1020,1029,1016,1026,85800,87715100,0,0
2023-12-25,1037,1038,1008,1018,67000,68428400,0,0
2023-12-26,1026,1028,1011,1018,81100,82603100,0,0
2023-12-27,1021,1027,1017,1024,138200,141314300,0,0
2023-12-28,1021,1029,1017,1029,59600,61085300,0,0
2023-12-29,1030,1057,1030,1056,176900,185899000,0,0
2024-01-04,1056,1093,1034,1092,214500,229605500,0,0
2024-01-05,1094,1112,1090,1098,132000,145304500,0,0
2024-01-09,1115,1115,1086,1097,140900,154932400,0,0
2024-01-10,1100,1116,1100,1109,137300,152048500,0,0
2024-01-11,1121,1145,1120,1121,293800,332312000,0,0
2024-01-12,1130,1134,1107,1129,181900,204313700,0,0
2024-01-15,1140,1166,1132,1154,178200,205439500,0,0
2024-01-16,1153,1153,1137,1145,150200,172207300,0,0
2024-01-17,1160,1164,1135,1135,146400,168292500,0,0
2024-01-18,1130,1162,1129,1153,176400,203076200,0,0
2024-01-19,1166,1166,1142,1148,161700,186204300,0,0
2024-01-22,1153,1183,1153,1179,173800,203910100,0,0
2024-01-23,1187,1187,1169,1176,180900,213071300,0,0
2024-01-24,1169,1173,1155,1169,141400,164747900,0,0
2024-01-25,1154,1177,1153,1170,159600,186634900,0,0
2024-01-26,1165,1166,1136,1138,164100,188276800,0,0
2024-01-29,1148,1168,1148,1168,102900,119383600,0,0
2024-01-30,1168,1168,1149,1149,125900,145323700,0,0
2024-01-31,1156,1330,1155,1279,1627600,2088103800,0,0
2024-02-01,1251,1270,1218,1260,629900,788424300,0,0
2024-02-02,1266,1276,1230,1230,360300,446466900,0,0
2024-02-05,1231,1264,1231,1258,409300,511855500,0,0
2024-02-06,1249,1251,1218,1221,272200,335118700,0,0
2024-02-07,1209,1230,1195,1202,268400,323753800,0,0
2024-02-08,1200,1201,1167,1178,299700,354122500,0,0
2024-02-09,1167,1171,1144,1147,258000,298166600,0,0
2024-02-13,1149,1161,1128,1152,270600,310707700,0,0
2024-02-14,1134,1134,1086,1112,333400,368797800,0,0
2024-02-15,1119,1119,1087,1089,249300,273081400,0,0
2024-02-16,1096,1109,1088,1095,225400,247874600,0,0
2024-02-19,1094,1120,1090,1115,210600,233550400,0,0
2024-02-20,1110,1121,1096,1096,231700,255861300,0,0
2024-02-21,1094,1115,1093,1106,194600,215043900,0,0
2024-02-22,1118,1123,1102,1109,136500,151251600,0,0
2024-02-26,1121,1146,1121,1145,221700,252115600,0,0
2024-02-27,1157,1179,1138,1143,264100,305034000,0,0
2024-02-28,1142,1171,1142,1169,181800,210729000,0,0
2024-02-29,1181,1266,1176,1261,624000,767667600,0,0
2024-03-01,1253,1277,1233,1269,344400,433581500,0,0
2024-03-04,1280,1280,1218,1227,262000,323553100,0,0
2024-03-05,1220,1264,1217,1263,172900,215637100,0,0
2024-03-06,1233,1269,1226,1262,221400,278237500,0,0
2024-03-07,1276,1276,1217,1229,208100,256480500,0,0
2024-03-08,1225,1255,1216,1231,269000,332811200,0,0
2024-03-11,1208,1215,1179,1190,257800,307688100,0,0
2024-03-12,1190,1204,1171,1200,140200,167090400,0,0
2024-03-13,1210,1222,1190,1204,157400,189420600,0,0
2024-03-14,1200,1227,1192,1227,156400,189217100,0,0
2024-03-15,1223,1264,1220,1256,289200,361431100,0,0
2024-03-18,1286,1292,1258,1275,192200,245152100,0,0
2024-03-19,1298,1308,1274,1296,254500,328760200,0,0
2024-03-21,1300,1330,1295,1324,273000,358488000,0,0
2024-03-22,1330,1332,1305,1324,140800,185888100,0,0
2024-03-25,1327,1369,1322,1332,265300,356400700,0,0
2024-03-26,1321,1367,1320,1356,203700,275718800,0,0
2024-03-27,1350,1363,1326,1350,215600,290695100,0,0
2024-03-28,1338,1348,1327,1334,117000,156299200,0,0
2024-03-29,1335,1335,1315,1333,101800,134936700,0,0
2024-04-01,1348,1348,1303,1303,199200,262718600,0,0
2024-04-02,1303,1312,1278,1285,150200,193392200,0,0
2024-04-03,1285,1306,1274,1292,206000,266378600,0,0
2024-04-04,1310,1324,1293,1304,116900,152992900,0,0
2024-04-05,1274,1301,1272,1301,154500,199457700,0,0
2024-04-08,1301,1316,1282,1314,151600,198029900,0,0
2024-04-09,1342,1362,1329,1360,190400,256475100,0,0
2024-04-10,1361,1363,1340,1341,132600,179106100,0,0
2024-04-11,1316,1343,1306,1342,132300,176189000,0,0
2024-04-12,1330,1341,1326,1326,81200,108074400,0,0
2024-04-15,1308,1333,1297,1323,73600,96849800,0,0
2024-04-16,1311,1318,1270,1280,211300,271794800,0,0
2024-04-17,1281,1298,1253,1269,214400,273355100,0,0
2024-04-18,1329,1364,1315,1350,316800,425485600,0,0
2024-04-19,1341,1341,1290,1314,251700,331316100,0,0
2024-04-22,1333,1352,1318,1342,150000,200060400,0,0
2024-04-23,1355,1355,1315,1331,124300,165164900,0,0
2024-04-24,1322,1354,1314,1350,144600,194290200,0,0
2024-04-25,1350,1360,1321,1321,129500,173022700,0,0
2024-04-26,1300,1301,1257,1279,200500,255677900,0,0
2024-04-30,1299,1318,1277,1318,164000,213974300,0,0
2024-05-01,1305,1305,1279,1280,189000,243550300,0,0
2024-05-02,1278,1278,1261,1263,119100,151118300,0,0
2024-05-07,1270,1284,1252,1283,299500,381006200,0,0
2024-05-08,1273,1282,1255,1257,250200,316150700,0,0
2024-05-09,1280,1320,1232,1276,577400,738821000,0,0
2024-05-10,1255,1307,1254,1304,312300,401236600,0,0
2024-05-13,1284,1285,1255,1271,156500,198534800,0,0
2024-05-14,1278,1283,1225,1245,243400,302820200,0,0
2024-05-15,1241,1263,1236,1245,169800,212221700,0,0
2024-05-16,1251,1273,1248,1258,167600,211311200,0,0
2024-05-17,1253,1273,1253,1273,115600,146406500,0,0
2024-05-20,1274,1294,1268,1279,157500,201540600,0,0
2024-05-21,1274,1300,1267,1267,110200,141184100,0,0
2024-05-22,1281,1288,1258,1258,122900,155681200,0,0
2024-05-23,1255,1257,1225,1227,153700,189639600,0,0
2024-05-24,1201,1238,1191,1230,124600,152367000,0,0
2024-05-27,1237,1255,1235,1252,80500,100256400,0,0
2024-05-28,1249,1250,1236,1239,62900,78168100,0,0
2024-05-29,1239,1266,1239,1244,109000,136340500,0,0
2024-05-30,1228,1253,1224,1253,81000,100729200,0,0
2024-05-31,1254,1270,1247,1263,163300,206136400,0,0
2024-06-03,1286,1295,1274,1279,108600,139614100,0,0
2024-06-04,1260,1276,1254,1272,102400,129863600,0,0
2024-06-05,1264,1273,1259,1268,100100,126763300,0,0
2024-06-06,1283,1284,1261,1270,100500,127644800,0,0
2024-06-07,1272,1294,1268,1288,92900,119139000,0,0
2024-06-10,1291,1340,1291,1339,167000,221693000,0,0
2024-06-11,1338,1344,1321,1328,110700,147536400,0,0
2024-06-12,1328,1341,1327,1333,99300,132390000,0,0
2024-06-13,1338,1344,1302,1304,121400,159411700,0,0
2024-06-14,1296,1347,1288,1343,159700,212226300,0,0
2024-06-17,1328,1336,1302,1328,138500,182877500,0,0
2024-06-18,1341,1353,1329,1332,189700,254493200,0,0
2024-06-19,1344,1375,1344,1375,224500,305915600,0,0
2024-06-20,1395,1503,1395,1491,820900,1194584800,0,0
2024-06-21,1493,1502,1427,1427,500600,726578900,0,0
2024-06-24,1487,1489,1413,1440,252800,365089400,0,0
2024-06-25,1440,1483,1440,1453,251400,367104500,0,0
2024-06-26,1440,1463,1433,1461,167900,244006900,0,0
2024-06-27,1464,1487,1464,1487,128200,189484600,0,0
2024-06-28,1478,1493,1463,1484,202600,299645500,0,0
2024-07-01,1481,1487,1450,1463,151200,220974000,0,0
2024-07-02,1463,1509,1459,1493,247000,368174900,0,0
2024-07-03,1489,1544,1487,1537,157800,241133800,0,0
2024-07-04,1550,1567,1541,1561,134700,209539700,0,0
2024-07-05,1567,1573,1518,1518,142300,218371000,0,0
2024-07-08,1518,1528,1498,1506,131100,197707500,0,0
2024-07-09,1520,1533,1500,1512,104200,157660100,0,0
2024-07-10,1511,1518,1495,1506,142400,214288900,0,0
2024-07-11,1525,1530,1490,1507,118300,177991100,0,0
2024-07-12,1493,1520,1489,1502,126700,190987300,0,0
2024-07-16,1520,1534,1512,1525,113200,172722800,0,0
2024-07-17,1526,1546,1509,1513,126400,192224800,0,0
2024-07-18,1513,1528,1507,1512,162500,246155900,0,0
2024-07-19,1549,1549,1492,1503,222100,337203000,0,0
2024-07-22,1495,1503,1473,1475,164800,244696800,0,0
2024-07-23,1490,1505,1484,1505,146400,218931500,0,0
2024-07-24,1487,1493,1439,1440,155900,227750700,0,0
2024-07-25,1413,1422,1397,1406,166900,235197000,0,0
2024-07-26,1413,1425,1376,1380,138100,191687000,0,0
2024-07-29,1394,1415,1379,1401,151500,211998100,0,0
2024-07-30,1391,1404,1374,1402,202000,281579900,0,0
2024-07-31,1391,1538,1360,1529,687200,1022179900,0,0
2024-08-01,1489,1506,1409,1415,530900,766701600,0,0
2024-08-02,1360,1364,1317,1317,386000,516529000,0,0
2024-08-05,1214,1250,1159,1239,865500,1038967700,0,0
2024-08-06,1325,1352,1240,1276,480000,623793900,0,0
2024-08-07,1240,1322,1218,1282,242600,311605400,0,0
2024-08-08,1260,1308,1260,1282,239000,306677300,0,0
2024-08-09,1312,1325,1274,1294,251800,326432700,0,0
2024-08-13,1308,1342,1293,1335,239100,316783400,0,0
2024-08-14,1335,1387,1325,1371,194100,264428200,0,0
2024-08-15,1374,1396,1354,1387,150600,208096000,0,0
2024-08-16,1417,1417,1387,1415,189600,266555100,0,0
2024-08-19,1398,1434,1395,1408,173200,244983200,0,0
2024-08-20,1429,1437,1414,1425,87400,124762600,0,0
2024-08-21,1407,1421,1407,1413,58300,82493000,0,0
2024-08-22,1424,1438,1418,1420,70100,99684100,0,0
2024-08-23,1414,1436,1414,1427,86200,122987700,0,0
2024-08-26,1421,1425,1396,1411,138100,195111100,0,0
2024-08-27,1411,1459,1411,1457,114000,164663300,0,0
2024-08-28,1449,1472,1444,1459,65400,95267300,0,0
2024-08-29,1468,1491,1465,1491,121600,180155400,0,0
2024-08-30,1521,1568,1515,1553,288600,445390800,0,0
2024-09-02,1559,1564,1525,1564,126600,196241000,0,0
2024-09-03,1564,1587,1559,1561,99700,156277000,0,0
2024-09-04,1550,1556,1518,1536,229500,353341700,0,0
2024-09-05,1536,1576,1526,1549,158800,246526700,0,0
2024-09-06,1549,1550,1486,1498,112300,168746500,0,0
2024-09-09,1468,1495,1442,1492,100000,147788500,0,0
2024-09-10,1500,1515,1479,1487,67400,100547000,0,0
2024-09-11,1460,1462,1401,1413,188500,269316200,0,0
2024-09-12,1462,1472,1432,1452,112400,163317000,0,0
2024-09-13,1437,1450,1416,1425,121900,174228900,0,0
2024-09-17,1426,1450,1424,1448,146200,209972100,0,0
2024-09-18,1463,1483,1454,1474,118100,173320800,0,0
2024-09-19,1500,1525,1487,1516,134700,203460900,0,0
2024-09-20,1521,1532,1502,1510,271000,410421600,0,0
2024-09-24,1550,1560,1516,1516,147600,226564700,0,0
2024-09-25,1516,1539,1512,1530,113800,174030000,0,0
2024-09-26,1543,1557,1526,1555,184600,285334800,0,0
2024-09-27,1540,1544,1518,1532,137800,210635100,0,0
2024-09-30,1462,1471,1442,1457,192700,280767800,0,0
2024-10-01,1464,1482,1461,1480,126100,185897000,0,0
2024-10-02,1468,1491,1464,1466,132100,194769900,0,0
2024-10-03,1499,1519,1478,1478,93700,139700600,0,0
2024-10-04,1478,1497,1470,1495,117000,173851900,0,0
2024-10-07,1525,1552,1525,1534,149800,230590200,0,0
2024-10-08,1518,1543,1499,1508,123600,187105100,0,0
2024-10-09,1509,1516,1484,1490,149500,223012900,0,0
2024-10-10,1495,1498,1475,1480,113100,167914700,0,0
2024-10-11,1482,1485,1470,1472,116800,172510000,0,0
2024-10-15,1493,1493,1468,1470,117800,173695800,0,0
2024-10-16,1461,1487,1445,1456,118500,172753200,0,0
2024-10-17,1465,1473,1457,1459,106200,155397700,0,0
2024-10-18,1465,1476,1440,1453,81900,119234000,0,0
2024-10-21,1461,1469,1452,1453,79600,116242900,0,0
2024-10-22,1455,1463,1434,1451,143200,207218100,0,0
2024-10-23,1462,1474,1441,1441,82900,120290600,0,0
2024-10-24,1423,1435,1405,1430,142000,202577400,0,0
2024-10-25,1437,1446,1422,1436,171000,245009200,0,0
2024-10-28,1443,1480,1437,1470,108600,159159200,0,0
2024-10-29,1480,1488,1461,1488,148400,219387600,0,0
2024-10-30,1490,1508,1484,1488,820000,1222050700,0,0
2024-10-31,1493,1607,1469,1572,709900,1100493000,0,0
2024-11-01,1546,1610,1515,1600,358900,570191600,0,0
2024-11-05,1598,1610,1577,1605,268100,429051200,0,0
2024-11-06,1585,1621,1577,1603,257500,412815900,0,0
2024-11-07,1604,1664,1604,1662,266400,438236000,0,0
2024-11-08,1673,1679,1631,1644,213000,350506700,0,0
2024-11-11,1636,1646,1619,1645,179900,294175000,0,0
2024-11-12,1640,1673,1629,1637,253800,417780400,0,0
2024-11-13,1635,1637,1611,1617,138600,224713200,0,0
2024-11-14,1622,1637,1612,1613,131100,212946100,0,0
2024-11-15,1610,1614,1567,1567,251300,397604600,0,0
2024-11-18,1567,1572,1552,1565,125300,195805000,0,0
2024-11-19,1570,1588,1543,1551,259400,403558100,0,0
2024-11-20,1566,1606,1559,1603,194200,309234800,0,0
2024-11-21,1632,1652,1617,1625,303400,494683100,0,0
2024-11-22,1628,1659,1624,1628,206500,338250800,0,0
2024-11-25,1628,1628,1572,1572,252100,399917800,0,0
2024-11-26,1600,1633,1588,1624,198700,320792300,0,0
2024-11-27,1610,1612,1552,1555,167900,264009000,0,0
2024-11-28,1556,1593,1556,1590,134400,212572400,0,0
2024-11-29,1590,1590,1557,1562,142500,222801600,0,0
2024-12-02,1557,1559,1541,1541,181600,281442100,0,0
2024-12-03,1548,1609,1546,1585,229500,364467800,0,0
2024-12-04,1578,1578,1559,1566,141600,221928800,0,0
2024-12-05,1583,1584,1571,1576,96900,152831400,0,0
2024-12-06,1580,1592,1562,1568,120100,188781600,0,0
2024-12-09,1578,1589,1559,1566,139100,219018400,0,0
2024-12-10,1584,1605,1575,1576,133400,211208800,0,0
2024-12-11,1565,1583,1560,1575,118600,186637000,0,0
2024-12-12,1579,1611,1572,1583,302100,479952900,0,0
2024-12-13,1560,1574,1541,1567,214100,333431200,0,0
2024-12-16,1565,1567,1549,1559,118300,184599000,0,0
2024-12-17,1560,1577,1551,1565,105200,164552200,0,0
2024-12-18,1579,1614,1565,1601,231100,369066300,0,0
2024-12-19,1593,1659,1591,1654,300900,492348100,0,0
2024-12-20,1682,1690,1657,1657,313900,525041400,0,0
2024-12-23,1682,1690,1656,1670,178800,298832100,0,0
2024-12-24,1652,1657,1627,1634,197600,324290200,0,0
2024-12-25,1643,1646,1590,1602,167900,269287800,0,0
2024-12-26,1611,1617,1597,1617,178600,287782600,0,0
2024-12-27,1625,1626,1602,1620,207300,334231900,0,0
2024-12-30,1630,1638,1609,1628,175100,284292200,0,0
2025-01-06,1624,1624,1547,1558,311800,489286400,0,0
2025-01-07,1570,1578,1559,1563,196000,307332400,0,0
2025-01-08,1563,1580,1556,1567,188200,295360100,0,0
2025-01-09,1563,1572,1555,1558,224300,350404200,0,0
2025-01-10,1555,1567,1530,1536,166100,256187600,0,0
2025-01-14,1546,1561,1512,1531,264800,404252300,0,0
2025-01-15,1525,1527,1506,1518,195000,295423100,0,0
2025-01-16,1530,1559,1520,1548,250200,385250600,0,0
2025-01-17,1535,1541,1514,1530,189800,289811100,0,0
2025-01-20,1546,1551,1531,1540,134400,207348000,0,0
2025-01-21,1550,1563,1546,1554,93500,145261900,0,0
2025-01-22,1563,1573,1560,1562,102400,160389300,0,0
2025-01-23,1565,1588,1552,1577,180300,282985200,0,0
2025-01-24,1589,1589,1563,1567,144000,226811100,0,0
2025-01-27,1595,1595,1575,1582,160700,254505500,0,0
2025-01-28,1593,1593,1570,1580,234500,370535000,0,0
2025-01-29,1587,1836,1581,1798,1857500,3267336700,0,0
2025-01-30,1871,1888,1780,1796,718000,1308022600,0,0
2025-01-31,1774,1813,1766,1811,358100,643463000,0,0
2025-02-03,1775,1776,1740,1747,350100,613532000,0,0
2025-02-04,1776,1799,1763,1792,239400,427431800,0,0
2025-02-05,1800,1817,1784,1797,209700,377004800,0,0
2025-02-06,1794,1811,1781,1800,141500,254410700,0,0
2025-02-07,1805,1805,1769,1775,153100,272708900,0,0
2025-02-10,1785,1796,1746,1751,137700,242577000,0,0
2025-02-12,1766,1771,1739,1739,256300,447397400,0,0
2025-02-13,1750,1757,1739,1739,165900,289467000,0,0
2025-02-14,1751,1754,1724,1724,111500,193615400,0,0
2025-02-17,1750,1793,1746,1777,232700,412239000,0,0
2025-02-18,1773,1773,1738,1755,162800,284988800,0,0
2025-02-19,1754,1756,1715,1715,114000,197527100,0,0
2025-02-20,1727,1729,1681,1683,202300,344182300,0,0
2025-02-21,1688,1693,1650,1661,177200,295501400,0,0
2025-02-25,1651,1656,1627,1628,180000,294670100,0,0
2025-02-26,1619,1621,1589,1596,218700,349849600,0,0
2025-02-27,1616,1649,1608,1635,525800,858846200,0,0
2025-02-28,1625,1649,1609,1624,257600,418260500,0,0
2025-03-03,1643,1661,1628,1649,263100,433724800,0,0
2025-03-04,1635,1657,1608,1630,217800,354951700,0,0
2025-03-05,1614,1646,1614,1631,195600,319785100,0,0
2025-03-06,1660,1703,1660,1674,372800,628323100,0,0
2025-03-07,1669,1779,1663,1766,549400,951498500,0,0
2025-03-10,1780,1809,1711,1729,361200,631236400,0,0
2025-03-11,1701,1721,1675,1714,367800,625338000,0,0
2025-03-12,1714,1769,1714,1754,280800,491026900,0,0
2025-03-13,1750,1776,1746,1770,146600,258289300,0,0
2025-03-14,1745,1759,1736,1751,189100,330431000,0,0
2025-03-17,1751,1764,1744,1751,94900,166382100,0,0
2025-03-18,1781,1830,1780,1807,214400,387914700,0,0
2025-03-19,1812,1850,1812,1848,166700,306177500,0,0
2025-03-21,1855,1910,1855,1876,307600,581026400,0,0
2025-03-24,1876,1883,1859,1868,134200,250637500,0,0
2025-03-25,1866,1885,1856,1865,131600,246269000,0,0
2025-03-26,1888,1901,1874,1887,233200,440396400,0,0
2025-03-27,1852,1864,1826,1850,229700,423993900,0,0
2025-03-28,1783,1815,1780,1792,248800,445399600,0,0
2025-03-31,1757,1770,1725,1740,210800,368304400,0,0
2025-04-01,1753,1766,1718,1718,146100,252847200,0,0
2025-04-02,1747,1757,1716,1737,222600,386818600,0,0
2025-04-03,1650,1659,1640,1652,278700,458871000,0,0
2025-04-04,1578,1589,1450,1480,362000,542962000,0,0
2025-04-07,1180,1343,1180,1309,429400,549010000,0,1
2025-04-08,1357,1422,1357,1377,276300,382313000,0,0
2025-04-09,1325,1331,1287,1303,175500,229454500,0,0
2025-04-10,1497,1497,1400,1405,332500,472991500,0,0
2025-04-11,1351,1360,1305,1360,243900,325829100,0,0
2025-04-14,1380,1382,1357,1359,175400,239730500,0,0
2025-04-15,1385,1405,1380,1391,148400,207104800,0,0
2025-04-16,1391,1410,1384,1401,271300,378559500,0,0
2025-04-17,1399,1424,1387,1424,174000,245774200,0,0
2025-04-18,1430,1459,1429,1458,139500,202149200,0,0
2025-04-21,1453,1462,1431,1445,298800,431325700,0,0
2025-04-22,1440,1477,1440,1477,158100,231825800,0,0
2025-04-23,1522,1523,1489,1503,468400,703598500,0,0
2025-04-24,1535,1575,1529,1547,227700,354123800,0,0
2025-04-25,1550,1609,1550,1606,269800,429294400,0,0
2025-04-28,1633,1650,1620,1627,254600,416270300,0,0
2025-04-30,1635,1650,1613,1632,254000,414035000,0,0
2025-05-01,1626,1628,1602,1625,129500,209626400,0,0
2025-05-02,1634,1644,1609,1623,126800,205838500,0,0
2025-05-07,1623,1636,1606,1623,131300,213019300,0,0
2025-05-08,1637,1686,1632,1670,283300,470347600,0,0
2025-05-09,1705,1767,1621,1657,797800,1338777300,0,0
2025-05-12,1652,1698,1640,1688,433300,726536900,0,0
2025-05-13,1700,1715,1652,1672,434300,726442400,0,0
2025-05-14,1672,1678,1642,1661,202600,335365700,0,0
2025-05-15,1644,1655,1630,1639,203300,333538700,0,0
2025-05-16,1638,1653,1606,1648,277900,454151600,0,0
2025-05-19,1631,1656,1616,1644,206700,339932800,0,0
2025-05-20,1638,1666,1635,1661,242500,401369200,0,0
2025-05-21,1665,1675,1650,1650,126100,208602600,0,0
2025-05-22,1623,1638,1596,1620,456300,739541500,0,0
2025-05-23,1655,1694,1647,1675,294300,492736600,0,0
2025-05-26,1703,1720,1668,1668,254700,430296100,0,0
2025-05-27,1663,1688,1663,1683,130300,218635000,0,0
2025-05-28,1683,1690,1663,1664,194000,324111100,0,0
2025-05-29,1664,1708,1660,1696,211800,358141200,0,0
2025-05-30,1676,1737,1671,1727,205200,351856400,0,0
2025-06-02,1720,1735,1712,1716,143200,246120000,0,0
2025-06-03,1710,1717,1688,1715,182600,312043000,0,0
2025-06-04,1719,1732,1708,1708,153400,263133600,0,0
2025-06-05,1700,1709,1693,1698,114200,194053000,0,0
2025-06-06,1691,1705,1687,1696,115400,195634100,0,0
2025-06-09,1700,1712,1693,1693,108400,184313000,0,0
2025-06-10,1706,1706,1671,1674,158600,267694200,0,0
2025-06-11,1668,1684,1662,1678,163200,273239000,0,0
2025-06-12,1680,1684,1656,1676,155900,260295600,0,0
2025-06-13,1665,1669,1637,1648,234100,386260000,0,0
2025-06-16,1642,1648,1623,1624,158200,258137000,0,0
2025-06-17,1618,1641,1612,1641,248200,404431200,0,0
2025-06-18,1650,1671,1650,1669,149500,248819300,0,0
2025-06-19,1680,1687,1635,1646,225100,371584200,0,0
2025-06-20,1647,1653,1622,1626,258700,422094800,0,0
2025-06-23,1621,1621,1589,1595,201600,322080100,0,0
2025-06-24,1612,1616,1579,1598,211200,336287900,0,0
2025-06-25,1598,1601,1575,1591,106200,168677900,0,0
2025-06-26,1596,1616,1595,1616,156500,251738100,0,0
2025-06-27,1626,1650,1615,1639,248000,405471100,0,0
2025-06-30,1663,1678,1645,1668,273600,455410200,0,0
2025-07-01,1650,1661,1643,1653,139700,230942000,0,0
2025-07-02,1638,1699,1638,1684,216300,363194600,0,0
2025-07-03,1700,1756,1699,1736,284400,492822700,0,0
2025-07-04,1744,1758,1731,1744,145800,254097300,0,0
2025-07-07,1722,1737,1672,1672,157100,264215600,0,0
2025-07-08,1672,1697,1672,1693,125000,211029400,0,0
2025-07-09,1716,1728,1695,1724,162100,278873400,0,0
2025-07-10,1724,1734,1715,1728,175200,302259200,0,0
2025-07-11,1744,1754,1733,1742,100900,175998200,0,0
2025-07-14,1760,1778,1752,1764,133800,236368400,0,0
2025-07-15,1750,1790,1743,1788,140300,248337500,0,0
2025-07-16,1787,1806,1787,1801,105400,189626300,0,0
2025-07-17,1796,1820,1785,1818,133500,241066500,0,0
2025-07-18,1838,1838,1798,1803,237500,432417300,0,0
2025-07-22,1799,1811,1767,1767,97700,173793800,0,0
2025-07-23,1799,1878,1796,1858,244700,452959500,0,0
2025-07-24,1876,1908,1857,1870,217100,408020100,0,0
2025-07-25,1857,1866,1838,1846,102000,188868900,0,0
2025-07-28,1853,1865,1837,1848,98900,182726600,0,0
2025-07-29,1828,1854,1824,1845,146200,269608700,0,0
2025-07-30,1845,1936,1833,1870,503700,951015900,0,0
2025-07-31,1900,1924,1875,1917,271400,517128800,0,0
2025-08-01,1916,1942,1901,1918,148100,284417000,0,0
2025-08-04,1878,1922,1878,1907,127200,241866100,0,0
2025-08-05,1915,1954,1911,1926,120600,233151500,0,0
2025-08-06,1944,1967,1938,1964,85700,167892000,0,0
2025-08-07,1970,1990,1957,1960,129200,254463700,0,0
2025-08-08,1952,2004,1951,2001,128200,254994800,0,0
2025-08-12,2024,2024,1991,2003,129700,259895600,0,0
2025-08-13,2004,2045,2004,2030,117200,237652100,0,0
2025-08-14,2020,2029,1986,2007,101100,202443000,0,0
2025-08-15,2022,2050,2002,2048,132500,269077800,0,0
2025-08-18,2055,2079,2051,2076,136800,283160400,0,0
2025-08-19,2071,2112,2061,2101,162000,339443400,0,0
2025-08-20,2085,2105,2066,2075,130800,272284100,0,0
2025-08-21,2068,2109,2042,2105,117600,245765500,0,0
2025-08-22,2132,2153,2108,2126,142900,303532600,0,0
2025-08-25,2151,2179,2143,2167,143200,309394500,0,0
2025-08-26,2167,2171,2131,2153,130400,280550300,0,0
2025-08-27,2175,2181,2150,2158,118200,255851000,0,0
2025-08-28,2160,2199,2156,2195,120100,262571000,0,0
2025-08-29,2161,2228,2160,2209,225400,495741400,0,0
2025-09-01,2202,2202,2146,2166,138900,301463600,0,0
2025-09-02,2184,2184,2151,2173,106000,229814000,0,0
2025-09-03,2186,2215,2175,2188,179800,394518600,0,0
2025-09-04,2195,2200,2164,2192,105700,230966200,0,0
2025-09-05,2218,2255,2185,2247,140400,313349400,0,0
2025-09-08,2264,2267,2230,2258,223900,503121500,0,0
2025-09-09,2271,2280,2241,2268,108700,246158800,0,0
2025-09-10,2268,2272,2246,2262,116800,264011000,0,0
2025-09-11,2253,2269,2230,2255,136500,307266700,0,0
2025-09-12,2254,2260,2212,2213,208700,465803600,0,0
2025-09-16,2213,2268,2213,2264,118300,266419300,0,0
2025-09-17,2265,2275,2235,2268,123400,279401600,0,0
2025-09-18,2260,2268,2235,2264,107400,242649000,0,0
2025-09-19,2253,2275,2186,2212,365700,810433100,0,0
2025-09-22,2219,2225,2201,2211,106600,235813200,0,0
2025-09-24,2205,2241,2194,2233,134800,300443200,0,0
2025-09-25,2237,2251,2227,2233,112400,251190200,0,0
2025-09-26,2233,2246,2217,2240,152400,340412200,0,0
2025-09-29,2210,2224,2196,2197,100400,221282800,0,0
2025-09-30,2201,2215,2174,2206,124300,273140400,0,0
2025-10-01,2175,2179,2115,2131,120500,257119800,0,0
2025-10-02,2131,2158,2123,2147,112900,241978900,0,0
2025-10-03,2163,2194,2161,2191,122000,266471900,0,0
2025-10-06,2276,2300,2186,2197,226400,501539600,0,0
2025-10-07,2205,2226,2178,2211,152500,336382500,0,0
2025-10-08,2220,2238,2173,2175,214700,471917100,0,0
2025-10-09,2187,2197,2156,2184,153300,332961000,0,0
2025-10-10,2139,2147,2091,2104,149200,314712400,0,0
2025-10-14,2054,2089,2027,2033,173700,356194000,0,0
2025-10-15,2056,2084,2056,2074,91100,188921900,0,0
2025-10-16,2080,2109,2080,2100,85200,178812200,0,0
2025-10-17,2093,2111,2086,2101,80100,168188500,0,0
2025-10-20,2150,2150,2116,2130,69400,148234000,0,0
2025-10-21,2148,2160,2120,2122,93100,198501500,0,0
2025-10-22,2136,2202,2136,2174,191600,415858400,0,0
2025-10-23,2187,2231,2184,2225,134100,297782800,0,0
2025-10-24,2232,2239,2211,2221,100700,223879700,0,0
2025-10-27,2260,2299,2247,2294,166500,380066600,0,0
2025-10-28,2268,2284,2177,2184,118500,262340300,0,0
2025-10-29,2200,2201,2155,2156,119400,259623500,0,0
2025-10-30,2170,2626,2154,2615,2921400,7584538700,0,0
2025-10-31,2621,2628,2601,2617,1762800,4613210300,0,0
2025-11-04,2602,2608,2593,2595,1369500,3557644900,0,0
2025-11-05,2593,2606,2592,2600,943000,2448949900,0,0
2025-11-06,2599,2602,2593,2593,454100,1178544800,0,0
2025-11-07,2593,2595,2591,2595,877900,2276179000,0,0
2025-11-10,2595,2597,2592,2592,422900,1096425900,0,0
2025-11-11,2593,2594,2590,2591,938400,2431830300,0,0
2025-11-12,2592,2594,2591,2592,531400,1377304200,0,0
2025-11-13,2593,2594,2591,2591,529500,1372536500,0,0
2025-11-14,2592,2593,2591,2591,434400,1125854700,0,0
2025-11-17,2592,2595,2591,2595,379300,983323500,0,0
2025-11-18,2594,2595,2592,2592,274700,712319700,0,0
2025-11-19,2593,2596,2592,2593,486100,1260671600,0,0
2025-11-20,2594,2595,2592,2593,473200,1227084100,0,0
2025-11-21,2593,2596,2593,2596,587500,1524161500,0,0
2025-11-25,2596,2597,2593,2593,572400,1484662300,0,0
2025-11-26,2594,2595,2593,2593,284200,737082000,0,0
2025-11-27,2594,2595,2593,2594,267900,694810700,0,0
2025-11-28,2594,2598,2593,2598,486400,1262150500,0,0
2025-12-01,2595,2598,2593,2594,512300,1329101400,0,0
2025-12-02,2594,2595,2594,2594,329700,855299500,0,0
2025-12-03,2595,2596,2594,2594,458100,1188408800,0,0
2025-12-04,2595,2595,2594,2594,366100,949783700,0,0
2025-12-05,2595,2595,2594,2595,319900,830001000,0,0
2025-12-08,2595,2597,2594,2595,758000,1967204000,0,0
2025-12-09,2596,2597,2595,2595,274500,712562600,0,0
2025-12-10,2596,2599,2595,2597,445500,1156660900,0,0
2025-12-11,2600,2601,2596,2597,222800,578777700,0,0
2025-12-12,2597,2599,2572,2579,178900,462605900,0,0
2025-12-15,2582,2592,2575,2575,161500,416928800,0,0
2025-12-16,2579,2594,2576,2590,157600,407563500,0,0
2025-12-17,2595,2598,2592,2595,82400,213803900,0,0
2025-12-18,2590,2592,2588,2588,152800,395621400,0,0
2025-12-19,2588,2593,2586,2586,736500,1904878800,0,0
2025-12-22,2586,2591,2586,2587,245000,634073200,0,0
2025-12-23,2588,2600,2587,2589,156700,405967500,0,0
2025-12-24,2591,2595,2582,2591,812000,2103157600,0,0
2025-12-25,2592,2597,2583,2583,496400,1284397800,0,0
2025-12-26,2585,2594,2585,2586,721600,1866526900,0,0
2025-12-29,2588,2610,2588,2610,356700,927978800,0,0
2025-12-30,2610,2630,2593,2617,126400,329968000,0,0
2026-01-05,2600,2603,2593,2593,78300,203246100,0,0
2026-01-06,2599,2600,2591,2591,203000,526389500,0,0
2026-01-07,2591,2594,2589,2590,174500,452118100,0,0
2026-01-08,2590,2593,2589,2590,214100,554501800,0,0
2026-01-09,2590,2596,2590,2590,66300,171803300,0,0
2026-01-13,2592,2595,2590,2590,63200,163753400,0,0
2026-01-14,2591,2592,2590,2590,52100,134973400,0,0
2026-01-15,2591,2593,2591,2591,25500,66087600,0,0
2026-01-16,2591,2594,2591,2591,75100,194619500,0,0
2026-01-19,2592,2599,2591,2592,51400,133306700,0,0
2026-01-20,2592,2599,2592,2593,23900,62003700,0,0
2026-01-21,2593,2595,2592,2593,18300,47455500,0,0
2026-01-22,2592,2597,2591,2592,54000,139988400,0,0
2026-01-23,2592,2595,2590,2592,164100,425304000,0,0
2026-01-26,2592,2595,2591,2591,195200,506017900,0,0
2026-01-27,2592,2595,2592,2592,56100,145447900,0,0
2026-01-28,2593,2598,2593,2594,63200,163918500,0,0